datetime,temp,dew,humidity,windspeed
01-01-2016,28.4,11.9,37.8,16.6
02-01-2016,26.8,13,44.8,16.6
03-01-2016,25.5,14.6,52.8,18.4
04-01-2016,26.4,13.1,46.6,16.6
05-01-2016,27.1,13.5,44.9,16.6
06-01-2016,26.9,14.3,48.2,14.8
07-01-2016,26.1,17,58,15.8
08-01-2016,26.6,16.5,55.2,13
09-01-2016,26.3,13.5,47.6,16.6
10-01-2016,26,12.5,45.3,16.6
11-01-2016,26.1,14.6,50.4,24.1
12-01-2016,25.1,17.5,64.5,16.6
13-01-2016,24.6,17,64,16.6
14-01-2016,23.9,16.5,64.2,25.9
15-01-2016,23.6,16.3,64.8,16.6
16-01-2016,24.1,15.7,60.7,13
17-01-2016,24,14.7,58.3,16.6
18-01-2016,23.7,14.4,58.2,16.6
19-01-2016,23.5,10.3,45.8,20.5
20-01-2016,23.2,8.6,41.5,32.4
21-01-2016,23.9,9.2,41.5,18.4
22-01-2016,25.6,7.2,32.2,18.4
23-01-2016,25.9,9.1,36.4,18.4
24-01-2016,26.7,11.2,39.8,18.4
25-01-2016,25.2,11.7,45.3,18.4
26-01-2016,23.8,12,49.7,22.3
27-01-2016,23.7,16.1,64.4,18.4
28-01-2016,25.1,15.4,57,14.8
29-01-2016,26.5,16.6,57.2,18.4
30-01-2016,26.8,17.9,59.5,16.6
31-01-2016,26.4,18.3,62.3,16.6
01-02-2016,26.5,17.5,59.9,18.4
02-02-2016,26.7,15.7,53,16.6
03-02-2016,25.7,13.7,49.9,16.6
04-02-2016,24.6,14.6,55.4,22.3
05-02-2016,24.1,18,69.7,22
06-02-2016,23.6,16.5,66.5,16.6
07-02-2016,24,16.6,64.2,20.5
08-02-2016,24,16.6,64.4,18.4
09-02-2016,25.5,18.6,67.2,18.4
10-02-2016,25.9,17.4,62.9,18.4
11-02-2016,24.6,18.8,71,20.5
12-02-2016,23.8,17.1,67.8,20.5
13-02-2016,23.8,16,62.6,18.4
14-02-2016,24.8,12.7,50.3,24.1
15-02-2016,25.3,11.6,43.5,18.4
16-02-2016,26,16,56.4,18.4
17-02-2016,26,20.9,75,24.1
18-02-2016,26.5,18.9,64.4,22.3
19-02-2016,26.6,20.5,69.9,18.4
20-02-2016,27.6,19,60.4,20.5
21-02-2016,28.2,14.9,46.3,18.4
22-02-2016,27.4,9.4,34.3,22.3
23-02-2016,26,16.3,57,20.5
24-02-2016,25.7,21,76.3,25.9
25-02-2016,25.9,19.4,69.5,18.4
26-02-2016,26.3,19.6,68.4,20.5
27-02-2016,27.6,20.5,67.8,20.5
28-02-2016,27.5,22,72.9,20.5
29-02-2016,27.7,21.4,69.6,18.4
01-03-2016,28.6,20.5,62.9,20.5
02-03-2016,29.5,21.5,63.5,20.5
03-03-2016,30.8,19.4,52.6,18.4
04-03-2016,28.8,18,52.9,18.4
05-03-2016,28.8,18.4,55.6,20.5
06-03-2016,27.8,18,57.5,20.5
07-03-2016,28,17.3,53.9,20.5
08-03-2016,29.3,15.9,46.9,18.4
09-03-2016,29.1,17,49.3,24.1
10-03-2016,29.3,17.6,51.6,22.3
11-03-2016,29.7,20.3,59.7,18.4
12-03-2016,28,19.9,62.6,22.3
13-03-2016,27,20.6,69.1,18.4
14-03-2016,26.6,20.1,68,24.1
15-03-2016,27.4,19,61.6,25.9
16-03-2016,27.5,20.9,68.5,20.5
17-03-2016,27.5,21.8,72.1,18.4
18-03-2016,28.9,21.6,66.1,24.1
19-03-2016,31.2,18.8,51.8,18.4
20-03-2016,31.4,18.7,49.3,14.8
21-03-2016,30.4,18.2,52,20.5
22-03-2016,29.7,17.9,51.4,24.1
23-03-2016,31.7,16,43,20.5
24-03-2016,29.1,22.9,70,22.3
25-03-2016,28.4,24.1,78.1,23.4
26-03-2016,28.9,23.5,73.6,22.3
27-03-2016,30.7,21.1,58.3,20.5
28-03-2016,30.4,18.6,53.4,18.4
29-03-2016,29,22.4,69.4,22.3
30-03-2016,29.1,21.6,66.5,18.4
31-03-2016,28.3,22.1,70.6,22.3
01-04-2016,28.2,22.9,73.9,22.3
02-04-2016,28.3,23.7,76.6,22.3
03-04-2016,28.5,23.6,75.5,20.5
04-04-2016,29.1,23.8,73.7,18.4
05-04-2016,28.6,23.9,75.7,20.5
06-04-2016,28.8,22.2,67.9,24.1
07-04-2016,29.8,20.7,60.9,24.1
08-04-2016,30.6,17.4,48.9,20.5
09-04-2016,30.5,20.2,56.3,17.6
10-04-2016,30.3,21.9,62.1,25.9
11-04-2016,31,21.5,59.3,22.3
12-04-2016,30.7,21.8,61,24.1
13-04-2016,29.3,23.6,71.7,20.5
14-04-2016,29.2,22.9,69.8,20.5
15-04-2016,29.4,22.9,69.2,22.3
16-04-2016,29.2,23.3,71.2,27.7
17-04-2016,28.8,22.9,71.4,22.3
18-04-2016,30,23.9,71,24.1
19-04-2016,30.5,23.5,67,22.3
20-04-2016,30,24.1,71.2,22.3
21-04-2016,29.1,24.2,75,22.3
22-04-2016,28.6,22.3,69.5,22.3
23-04-2016,29.1,22.9,69.6,20
24-04-2016,29.1,22.8,69.1,20.5
25-04-2016,28.9,22.4,68.6,18.4
26-04-2016,29.5,23.1,69.8,17.2
27-04-2016,32.2,21,56.1,24.1
28-04-2016,31.7,22.1,58.3,24.1
29-04-2016,30.3,24.7,72.6,22.3
30-04-2016,29.9,24,71.4,22.3
01-05-2016,29.9,24.5,73.5,22.3
02-05-2016,30,24.7,74,22.3
03-05-2016,30.1,24.4,72.6,24.1
04-05-2016,29.9,24.6,73.5,22.3
05-05-2016,30.1,24.4,72,22.3
06-05-2016,29.9,23.7,69.8,22.3
07-05-2016,29.9,24.1,71.5,24.1
08-05-2016,30.3,24.7,72.4,22.3
09-05-2016,30,24.6,73.1,22.7
10-05-2016,30.1,25.1,75,18.4
11-05-2016,30.5,25.5,75.1,20.5
12-05-2016,30.2,25.6,76.7,25.9
13-05-2016,30.7,25.7,75.4,20.5
14-05-2016,31.1,25.9,74.3,24.1
15-05-2016,30.7,26,75.9,24.1
16-05-2016,30.8,26.1,76.5,24.1
17-05-2016,30.9,26.1,76.2,20.5
18-05-2016,31,26.4,76.9,24.1
19-05-2016,31.3,26,73.7,22.3
20-05-2016,31.3,25.9,73.1,22.3
21-05-2016,31.5,25.9,72.7,27.4
22-05-2016,31.5,25.7,71.7,22.3
23-05-2016,31.5,25.9,72.4,22.3
24-05-2016,31.6,25.8,71.7,25.9
25-05-2016,31.7,26,72.1,24.1
26-05-2016,31.7,25.6,70.6,22.3
27-05-2016,31.6,25.5,70.3,22.3
28-05-2016,31.5,25.5,70.8,22.3
29-05-2016,31.6,25.7,70.8,24.1
30-05-2016,31.8,25.4,69.2,20.5
31-05-2016,31.8,25.4,69.4,22.3
01-06-2016,31.8,25.4,69.1,22.3
02-06-2016,31.8,25.3,69.3,24.1
03-06-2016,31.8,25.1,68.1,24.1
04-06-2016,31.7,25.8,71.3,22.3
05-06-2016,30.9,25.5,73.4,25.9
06-06-2016,31.3,25.9,73.2,18.4
07-06-2016,31.8,26.5,73.9,20.5
08-06-2016,31.9,25.6,69.8,24.1
09-06-2016,32,25.8,69.9,20.5
10-06-2016,31.8,26,71.3,24.1
11-06-2016,29.8,26.2,81,22.3
12-06-2016,31.3,26.5,76.1,24.1
13-06-2016,31.9,26,71.2,24.1
14-06-2016,31.3,25.8,73,29.5
15-06-2016,31.4,26,73.4,25.9
16-06-2016,31.4,25.8,72.2,25.6
17-06-2016,31.3,25.6,71.6,24.1
18-06-2016,31.3,25.2,70.5,24.1
19-06-2016,29.6,25.2,77.9,22.3
20-06-2016,27.3,24.7,86,16.6
21-06-2016,28.1,25.6,86.8,22.3
22-06-2016,28.4,25.1,82.8,18.4
23-06-2016,28,25.2,85.3,22.3
24-06-2016,27.2,25.5,90.7,27.4
25-06-2016,26.6,25.1,91.7,22.3
26-06-2016,26.5,24.9,91.4,22.3
27-06-2016,27,25.5,91.7,29.9
28-06-2016,27.1,25.9,93.4,24.1
29-06-2016,26.1,24.7,92.6,20.8
30-06-2016,27.1,25.2,90,24.1
01-07-2016,27.1,26.1,94.2,20.5
02-07-2016,27.3,26,92.8,27.7
03-07-2016,27.8,26.1,90.8,27.7
04-07-2016,27.7,26,90.7,34.2
05-07-2016,27.5,25.5,89.2,33.5
06-07-2016,28.1,25.6,86.7,25.9
07-07-2016,28.6,25.6,83.7,20.5
08-07-2016,28.5,25.7,85.1,24.1
09-07-2016,28.6,25.7,84.5,26.6
10-07-2016,28.4,25.5,84.7,37.1
11-07-2016,28.3,25.9,86.7,35.3
12-07-2016,28.4,25.9,86.1,31
13-07-2016,28.1,25.5,86.1,27.7
14-07-2016,27.2,25.4,90,25.9
15-07-2016,27.9,25.4,86.8,24.1
16-07-2016,28.3,25.2,83.6,24.1
17-07-2016,27.5,25.2,87.6,20.5
18-07-2016,27.3,25,87.6,24.1
19-07-2016,26.2,25,92.9,25.9
20-07-2016,27.6,24.9,85.5,22.3
21-07-2016,25.8,24.4,91.6,14.8
22-07-2016,27.3,25.1,88.2,24.1
23-07-2016,27.7,25.2,86.5,27.7
24-07-2016,27.6,25,85.9,18.4
25-07-2016,27.9,25.4,86.8,16.6
26-07-2016,26.6,24.8,90.3,16.6
27-07-2016,26.1,24.3,90.4,14.8
28-07-2016,26.1,24.3,90.2,16.6
29-07-2016,25.7,24.7,94.8,14.8
30-07-2016,26.7,24.8,89.7,22.3
31-07-2016,26.7,25.2,91.9,27
01-08-2016,26.8,25,90.5,33.5
02-08-2016,27.5,25.1,86.5,33.5
03-08-2016,27.7,25.3,87,33.5
04-08-2016,28.3,25.5,85,29.5
05-08-2016,27,25.6,92.1,27.7
06-08-2016,27.5,25.3,88,37.1
07-08-2016,28.3,25,82.6,24.1
08-08-2016,28.5,25.3,82.9,27.7
09-08-2016,28.3,25.1,82.9,25.9
10-08-2016,28.2,25,83,34.2
11-08-2016,27.9,25.1,84.8,25.9
12-08-2016,28.2,25.3,84.4,27.7
13-08-2016,28.5,25.1,82.3,25.9
14-08-2016,28.2,24.9,82,31.7
15-08-2016,28.4,25,82.1,29.2
16-08-2016,28.6,24.7,79.3,25.9
17-08-2016,28.5,24.7,80.2,25.9
18-08-2016,28.3,24.8,81.9,24.1
19-08-2016,28.5,24.8,80.5,22.3
20-08-2016,28.4,24.8,81,24.1
21-08-2016,28.6,25,81,22.3
22-08-2016,28.2,25.2,83.8,20.5
23-08-2016,27.2,24.8,86.7,22.3
24-08-2016,28,25.1,84.5,25.9
25-08-2016,28.4,24.5,79.6,24.1
26-08-2016,26.5,24.8,90.2,16.6
27-08-2016,25.4,24.7,95.8,14.8
28-08-2016,26.5,25.2,92.4,18.4
29-08-2016,27.9,25.2,85.4,25.9
30-08-2016,27.9,25.2,85.5,20.5
31-08-2016,28.1,24.6,81.6,24.1
01-09-2016,28,24.7,82.6,22.3
02-09-2016,27.1,24.4,85.5,25.9
03-09-2016,27.2,24.2,84,20.5
04-09-2016,28.3,23.8,76.7,22.3
05-09-2016,28.3,23.2,74,22.3
06-09-2016,28.5,23.2,73.4,22.3
07-09-2016,27.8,23.3,76.9,24.1
08-09-2016,27.8,23.5,77.9,18.4
09-09-2016,27.4,23.8,81.4,22.3
10-09-2016,27.1,23.9,82.6,24.1
11-09-2016,27.9,24.1,80.5,18.4
12-09-2016,28.2,24.1,78.7,18.4
13-09-2016,28.1,24.3,80.4,18.4
14-09-2016,28.7,24.5,78.8,18.4
15-09-2016,26.7,24.9,90.6,20.5
16-09-2016,26.9,25,89.5,13
17-09-2016,26.4,25,92.5,18.4
18-09-2016,26,25.1,94.4,25.9
19-09-2016,26.8,24.7,88.4,22.3
20-09-2016,25.4,24.3,93.8,22.3
21-09-2016,25.6,24.7,94.6,20.5
22-09-2016,26.8,25,90.1,26.6
23-09-2016,27.2,25.8,92.5,31.3
24-09-2016,26.9,24.9,88.8,24.8
25-09-2016,27.3,24.5,84.7,20.5
26-09-2016,28.5,24.7,80.4,23
27-09-2016,28.2,25.1,83.6,20.5
28-09-2016,28.1,24.8,82.7,24.1
29-09-2016,28.2,23.9,78.3,18.4
30-09-2016,27.9,23.5,77.8,22.3
01-10-2016,26.7,24.1,85.9,18.4
02-10-2016,25.1,24.2,94.8,18.4
03-10-2016,25.9,24.3,91.1,23.4
04-10-2016,25.4,24.3,93.3,18.4
05-10-2016,26.1,24.2,89.2,22.3
06-10-2016,27,24.6,87.1,22.3
07-10-2016,27.6,24.7,85,22.3
08-10-2016,28,24.4,81.2,18.4
09-10-2016,28,24.8,83.2,20.5
10-10-2016,28.7,25.4,82.5,18.4
11-10-2016,28.6,24.7,80,22.3
12-10-2016,28.3,23.7,77,18.4
13-10-2016,28.3,22.4,71.8,20.5
14-10-2016,28.7,22.9,72,16.6
15-10-2016,29,23.1,71.2,16.6
16-10-2016,29.4,24.5,75.2,20.5
17-10-2016,30,23.3,68.3,16.6
18-10-2016,31,20.9,58.2,18.4
19-10-2016,30.4,19.3,52.9,20.5
20-10-2016,29.5,19.3,56.4,18.4
21-10-2016,28.9,20.2,60.3,18.4
22-10-2016,28.9,22.8,71,16.6
23-10-2016,28.4,23.3,74.5,20.9
24-10-2016,28.5,22.6,72,20.5
25-10-2016,28,21,67,20.5
26-10-2016,27.6,19.3,61.2,18.4
27-10-2016,29.3,18.8,55.7,20.5
28-10-2016,29.4,16.9,49.6,22.3
29-10-2016,28.5,18.1,55.4,14.8
30-10-2016,28.4,16.9,52.4,18.4
31-10-2016,30,18.9,52.4,20.5
01-11-2016,30.2,17.2,47.5,18.4
02-11-2016,29.5,13.1,38.3,18.4
03-11-2016,28.7,14.4,44,18.4
04-11-2016,27.9,15.9,49.6,18.4
05-11-2016,27.8,17.5,55.5,16.6
06-11-2016,28.2,15,47.5,14.8
07-11-2016,27.5,16.9,55.7,16.6
08-11-2016,28.3,13.4,42.5,18.4
09-11-2016,28,13.1,42.5,14.8
10-11-2016,26.9,13.5,45.5,16.6
11-11-2016,27.2,12.6,44.5,16.6
12-11-2016,27.6,14.5,47.8,14.8
13-11-2016,27.9,15.2,48.1,18.4
14-11-2016,27.8,15.8,50,14.8
15-11-2016,28.2,19.7,61.6,13
16-11-2016,29.4,21.1,62,16.6
17-11-2016,29.8,18.4,53.2,18.4
18-11-2016,28.6,14.2,43,18.4
19-11-2016,28,14.8,46.3,14.8
20-11-2016,26.9,14.8,50.1,16.6
21-11-2016,27.3,14.5,49.3,14.8
22-11-2016,27.5,14,46.4,16.6
23-11-2016,28.1,14.6,46.1,13
24-11-2016,28.3,14.6,45.7,16.6
25-11-2016,28.2,13.7,43.6,14.8
26-11-2016,27.5,13.6,45.6,15.1
27-11-2016,27.7,15,48.7,16.6
28-11-2016,28.1,16.7,52.6,18.4
29-11-2016,27.1,19.3,64.5,14.8
30-11-2016,27.2,18.7,61.1,14.8
01-12-2016,27.4,17.5,56.7,14.8
02-12-2016,27.9,16.1,51.7,18.4
03-12-2016,28.2,16.1,49.6,14.8
04-12-2016,29.7,19,53.7,18.4
05-12-2016,29.4,19.7,57.1,16.6
06-12-2016,28.6,17.1,51.7,14.8
07-12-2016,26.8,14.2,48.6,18.4
08-12-2016,27.1,13.7,46.2,16.6
09-12-2016,26.3,16,55.1,16.6
10-12-2016,25.9,15.5,55,16.6
11-12-2016,25.2,14.4,53.9,16.6
12-12-2016,26.5,15,52.5,19.1
13-12-2016,27.3,13.8,46,20.5
14-12-2016,28.3,15.3,46.9,18.4
15-12-2016,29,19.8,58.3,20.5
16-12-2016,29.4,18.5,53.2,18.4
17-12-2016,29,17.3,50.2,23.4
18-12-2016,28.1,13.2,41.2,18.4
19-12-2016,26.4,14.4,49.1,16.6
20-12-2016,27.1,14.8,48.7,16.6
21-12-2016,27.2,15.1,50.3,18.4
22-12-2016,26.2,16.1,55.7,23
23-12-2016,26.3,16.4,56.5,18.4
24-12-2016,25.9,16.8,59,14.8
25-12-2016,25.7,17.7,64.8,16.6
26-12-2016,26.4,15.7,55.2,16.6
27-12-2016,26.2,13.8,48.4,18.4
28-12-2016,26.1,11.4,41.7,16.6
29-12-2016,26.7,12.6,43.9,16.6
30-12-2016,27,14,47.6,20.5
31-12-2016,26.4,16.5,56.6,16.6
01-01-2017,25.8,16,57,14.8
02-01-2017,25.9,16.2,58.2,14.8
03-01-2017,26.1,12.9,46.8,22.3
04-01-2017,25.6,13.7,50.8,16.6
05-01-2017,25.2,15,55.4,14.8
06-01-2017,24.1,16.8,65.2,24.1
07-01-2017,23.9,17.7,69,18.4
08-01-2017,24.6,17.6,66.3,16.6
09-01-2017,24.6,14.7,55.5,22.3
10-01-2017,23.3,12,50.4,18.4
11-01-2017,22.6,12.6,55.3,18.4
12-01-2017,22.5,11.8,53.7,18.4
13-01-2017,23.6,13.5,55.6,20.5
14-01-2017,25.1,16.3,60,20.5
15-01-2017,25.7,19,68.5,18.4
16-01-2017,25.3,17.8,64.7,14.8
17-01-2017,24.5,15.5,58.9,16.6
18-01-2017,24.5,14.7,55.6,23.4
19-01-2017,25.7,15.5,55,18.4
20-01-2017,25.9,14.7,51.9,20.5
21-01-2017,26.7,14.4,48.9,16.6
22-01-2017,27.7,14.5,46.3,19.1
23-01-2017,28.7,13.8,43.1,18.4
24-01-2017,28.5,14.9,45.2,16.6
25-01-2017,28.2,14.4,44.8,14.8
26-01-2017,27.1,14.9,48.2,22.3
27-01-2017,25.4,13.6,49.8,20.5
28-01-2017,27.6,12.4,41.6,28.8
29-01-2017,28.2,12.7,39.5,16.6
30-01-2017,27.6,13.7,43.9,16.6
31-01-2017,27.1,14,46.4,18.4
01-02-2017,26.5,13.7,47.3,14.8
02-02-2017,27.1,16.4,54.8,18.4
03-02-2017,26.3,19,65.3,23.8
04-02-2017,25.1,19,69.8,20.5
05-02-2017,24.3,19.3,74.1,27.7
06-02-2017,23.6,14.6,58.8,24.1
07-02-2017,24.3,13.2,51.4,23.4
08-02-2017,25.6,16.8,59.4,20.5
09-02-2017,26.3,14.4,50.1,18.4
10-02-2017,26.2,14.2,49.1,16.6
11-02-2017,24.7,16.4,62.1,22.3
12-02-2017,24.9,14.8,56.8,18.4
13-02-2017,27,15.1,50.3,16.6
14-02-2017,28.9,14.8,44.3,18.4
15-02-2017,29.7,14.9,42.6,18.4
16-02-2017,29.9,14.7,41.7,20.5
17-02-2017,30.4,14.7,39.9,18.4
18-02-2017,31,11.9,33.6,20.5
19-02-2017,29.8,14.9,43.5,24.5
20-02-2017,29.2,17.3,51.5,24.1
21-02-2017,26.3,21.4,75,24.1
22-02-2017,26,20.6,72.7,18.4
23-02-2017,27.8,18.3,59.2,22.3
24-02-2017,28.7,15.1,46.9,27.7
25-02-2017,29.6,12.8,38.2,27.7
26-02-2017,29.6,13.3,40.4,22.3
27-02-2017,29.3,16,47.1,16.6
28-02-2017,29.5,13.5,40,25.2
01-03-2017,29.9,15.8,45.6,26.6
02-03-2017,28.7,16.5,49.9,29.5
03-03-2017,28,18,55.9,20.2
04-03-2017,27,19,63.9,20.5
05-03-2017,27.7,16.3,53.8,22.3
06-03-2017,27.2,19.3,63.3,18.4
07-03-2017,26.7,20.3,68.9,20.5
08-03-2017,27.4,19.9,65.2,18.4
09-03-2017,27.4,19.2,63.6,22.7
10-03-2017,26.7,19.9,66.9,24.1
11-03-2017,26.4,16.2,54.7,25.9
12-03-2017,25.4,12.6,46.4,24.1
13-03-2017,26.8,10.1,37,18.4
14-03-2017,28.3,12.3,39.7,18.4
15-03-2017,28.2,17.6,54,24.5
16-03-2017,28.4,17.6,55.3,22.3
17-03-2017,28,20.4,65.6,20.5
18-03-2017,28.6,19,58.2,24.1
19-03-2017,27.7,21.8,71.3,22.3
20-03-2017,28.2,22.3,71.7,25.9
21-03-2017,28.5,23.1,72.9,22.3
22-03-2017,29.1,21.8,66.5,18.4
23-03-2017,28.9,21.6,65.6,24.1
24-03-2017,28.9,22.8,70.1,22.3
25-03-2017,29.9,21.7,62.3,24.1
26-03-2017,30.7,21,59,31.7
27-03-2017,32.3,20.2,51.3,25.9
28-03-2017,30.1,25.1,75.5,22.3
29-03-2017,29.6,25.5,79.1,20.5
30-03-2017,29.4,25.3,79.2,22.3
31-03-2017,30,23.5,69.7,20.8
01-04-2017,29,23.3,71.7,18.4
02-04-2017,29,23.2,72.7,18.4
03-04-2017,29.3,23.4,72.1,20.5
04-04-2017,29.5,24.5,74.5,22.3
05-04-2017,29.4,24.4,74.7,20.5
06-04-2017,28.9,24.1,75.6,20.5
07-04-2017,28.7,20.3,61.9,22.3
08-04-2017,28.8,18.8,55.9,23.8
09-04-2017,31.1,18.5,49,18.4
10-04-2017,31,21,56.7,20.5
11-04-2017,30.5,24.9,72.9,22.3
12-04-2017,30.4,25.4,75.1,20.5
13-04-2017,30.7,24.1,68.8,18.4
14-04-2017,30.3,24.8,73.5,22.3
15-04-2017,29.9,25.5,77.6,20.5
16-04-2017,30.6,23.1,66,20.5
17-04-2017,29.8,25,75.9,22.3
18-04-2017,30.9,23.5,67,24.1
19-04-2017,30.2,24.7,72.9,20.5
20-04-2017,29.9,24.5,73.4,20.5
21-04-2017,30.1,24.2,70.9,24.1
22-04-2017,30,23.9,70.4,20.5
23-04-2017,30,23.5,68.6,18.4
24-04-2017,29.8,22.4,65.1,20.5
25-04-2017,29.6,22,64.8,22.3
26-04-2017,29.3,22.8,68.4,25.9
27-04-2017,29.7,23.1,68.3,25.9
28-04-2017,29.6,23.7,71,29.5
29-04-2017,29.5,23.5,70.6,22.3
30-04-2017,29.3,23.4,71.3,20.5
01-05-2017,30,24.4,72.6,24.1
02-05-2017,29.4,24.7,76.3,24.1
03-05-2017,29.8,25,75.9,18.4
04-05-2017,30.2,25.4,76.1,25.9
05-05-2017,30.9,26,75.3,25.9
06-05-2017,30.9,25.6,73.9,22.3
07-05-2017,30.7,24.7,70.7,20.5
08-05-2017,31.2,24.9,70.1,22.3
09-05-2017,30.8,24.9,71.5,20.5
10-05-2017,30.5,25.2,74.1,20.5
11-05-2017,30.7,25.5,74.5,20.5
12-05-2017,31.2,26.1,74.9,20.5
13-05-2017,31.2,24.5,67.9,25.9
14-05-2017,31.2,25.8,73.2,22.3
15-05-2017,30.9,25.2,71.9,25.9
16-05-2017,30.8,25.3,72.8,20.5
17-05-2017,31.2,25.5,72.2,22.3
18-05-2017,31.1,25.4,72.1,24.1
19-05-2017,30.8,25.1,71.8,22.3
20-05-2017,30.8,24.3,68.4,24.1
21-05-2017,30.7,23.4,65.5,27.7
22-05-2017,31,24.5,68.7,27.7
23-05-2017,31.4,25.6,71.9,25.9
24-05-2017,31.1,26,74.7,22.3
25-05-2017,31.1,25.9,74.4,22.3
26-05-2017,31.1,25.2,70.8,22.3
27-05-2017,31.2,25.1,70.3,22.3
28-05-2017,31.3,25.5,71.4,24.1
29-05-2017,31.6,26.4,74,25.9
30-05-2017,31.7,26.6,74.8,29.5
31-05-2017,31.7,26.3,73.3,22.3
01-06-2017,31.4,26.3,74.8,25.9
02-06-2017,30.8,26,76.1,22.3
03-06-2017,31.3,25.5,71.7,33.5
04-06-2017,31.2,25.5,72.3,27.7
05-06-2017,31.3,26,73.6,24.1
06-06-2017,31.5,25.7,71.8,24.1
07-06-2017,29.6,24.7,75.4,27.7
08-06-2017,28.6,24.7,80.3,16.6
09-06-2017,28.3,25,83,22.3
10-06-2017,27.9,24.8,83.5,18.4
11-06-2017,28.4,25.5,84.4,28.4
12-06-2017,28.3,25.5,85.2,22.3
13-06-2017,28.3,25.4,84.5,18.4
14-06-2017,30,26,79.5,20.5
15-06-2017,29.1,25.8,82.5,22.3
16-06-2017,30.1,26.1,79.5,25.9
17-06-2017,30.2,25.7,76.9,25.9
18-06-2017,31,26,75.2,24.1
19-06-2017,30.8,26,75.6,20.5
20-06-2017,30.8,25.7,74.1,25.9
21-06-2017,30.1,25.5,76.4,27.7
22-06-2017,29.5,25.8,80.7,33.5
23-06-2017,30.5,26.1,77.5,29.5
24-06-2017,30.4,26,77.2,31.7
25-06-2017,26.4,24.4,89.2,24.1
26-06-2017,27.8,25.5,87.7,25.9
27-06-2017,27.8,25.7,88.5,25.9
28-06-2017,27.4,25.7,90.8,25.9
29-06-2017,28.5,26,86.7,25.9
30-06-2017,29.6,26.1,81.5,33.5
01-07-2017,28.4,25.7,85.9,31.7
02-07-2017,27.9,25.7,88.1,31.7
03-07-2017,29.7,25.9,80.7,32.4
04-07-2017,29.2,25.7,81.5,22.3
05-07-2017,29.7,25.8,79.5,27.7
06-07-2017,29.5,25.6,79.8,33.5
07-07-2017,29.8,25.8,79.3,27.7
08-07-2017,29.7,25.4,78,24.1
09-07-2017,29,25.2,80.6,27.7
10-07-2017,29.3,25.4,79.8,22.3
11-07-2017,29.7,25.2,76.9,27.7
12-07-2017,29.8,24.8,74.5,25.9
13-07-2017,28.6,25.3,82.9,27.7
14-07-2017,28,25.2,85,31.7
15-07-2017,27.5,25.1,87.2,37.1
16-07-2017,28.2,25,82.9,29.5
17-07-2017,25.7,24.6,93.6,27.7
18-07-2017,26.1,25.1,94.1,24.1
19-07-2017,26.9,25.5,92.2,20.5
20-07-2017,27.5,25.6,89.5,27.7
21-07-2017,27.5,25.8,90.4,37.1
22-07-2017,27.4,25.6,90.2,37.1
23-07-2017,28.3,25.5,85.1,25.9
24-07-2017,28.7,25.7,83.7,33.5
25-07-2017,28.3,25.4,84.4,25.9
26-07-2017,28.6,25.3,82.3,25.9
27-07-2017,28.2,25.5,85.4,27.7
28-07-2017,28.5,25.4,83.6,27.7
29-07-2017,28.6,25.4,83.1,25.9
30-07-2017,28.2,25,82.8,29.5
31-07-2017,27.9,25.2,85.3,24.1
01-08-2017,28.2,25.3,84.2,26.2
02-08-2017,28.7,25.1,81.4,22.3
03-08-2017,28.5,25.1,82.2,25.9
04-08-2017,29.1,25.3,80.4,31.7
05-08-2017,29,25.1,79.7,24.1
06-08-2017,29.1,24.9,78.5,20.5
07-08-2017,28.7,25.1,81.2,22.3
08-08-2017,29.1,24.9,78.2,22.3
09-08-2017,28.9,24.9,79.4,25.9
10-08-2017,29.1,24.9,78.6,24.1
11-08-2017,29.1,24.8,77.7,25.9
12-08-2017,29,24.8,78.2,27.7
13-08-2017,28.2,24.9,82.5,24.1
14-08-2017,27.3,25,87.2,20.5
15-08-2017,27.5,25,86.6,16.6
16-08-2017,28.5,25.1,82,24.1
17-08-2017,29.1,25,78.4,25.9
18-08-2017,29.1,25,78.6,24.1
19-08-2017,27.4,25,86.8,22.3
20-08-2017,25.6,23.9,90.5,24.1
21-08-2017,25.3,23.8,91.6,16.6
22-08-2017,27.3,24.3,84.1,22.3
23-08-2017,28.5,25.4,83.9,22.3
24-08-2017,28.9,25.2,80.5,29.5
25-08-2017,26.9,25.2,90.6,29.5
26-08-2017,27.4,25.4,88.9,16.6
27-08-2017,28,25.6,86.6,22.3
28-08-2017,26.9,25.4,91.2,18.4
29-08-2017,25.7,24.9,95.1,46.4
30-08-2017,27.2,25,87.7,26.2
31-08-2017,28.6,24.9,81.1,27.7
01-09-2017,28.1,24.9,83,24.1
02-09-2017,28,25,84.1,22.3
03-09-2017,27.2,25.2,89.3,16.6
04-09-2017,28.9,25,80,18.4
05-09-2017,28.8,24.2,76.6,24.1
06-09-2017,28.9,24.3,76.7,18.4
07-09-2017,29.2,24.7,77.2,22.3
08-09-2017,29.5,25.6,79.9,20.5
09-09-2017,29.1,25.7,82.3,16.6
10-09-2017,29.3,26.2,83.5,20.5
11-09-2017,30.8,26.8,80,18.4
12-09-2017,31,25.9,74.7,18.4
13-09-2017,28.3,25.4,84.8,27.7
14-09-2017,29.1,25.6,82.1,20.5
15-09-2017,28,24.9,83.9,16.6
16-09-2017,28.1,25,83.5,16.6
17-09-2017,27,24.8,88,16.6
18-09-2017,28.2,24.5,80.8,24.1
19-09-2017,27.6,25.1,86.6,37.4
20-09-2017,24.8,23.8,94.3,22.3
21-09-2017,26.8,24.8,89.1,22.3
22-09-2017,27.3,24.5,84.8,22.3
23-09-2017,28.3,24.4,79.9,20.5
24-09-2017,28.5,24.5,79.7,20.5
25-09-2017,28.5,24.5,78.9,22.3
26-09-2017,28.8,24.5,78.3,20.9
27-09-2017,29.8,25.6,78.9,18.7
28-09-2017,29.9,26.3,81.5,22.3
29-09-2017,28.9,25.8,83.7,20.5
30-09-2017,29.3,25.7,81.3,22.3
01-10-2017,30.1,25.9,78.5,20.5
02-10-2017,30.4,25.7,76.4,22.3
03-10-2017,30.6,25.1,72.9,20.5
04-10-2017,31.4,24.5,69.3,20.5
05-10-2017,31.2,25.4,72.5,18.4
06-10-2017,30.3,24.1,71.5,29.5
07-10-2017,28.1,24.9,83.6,20.5
08-10-2017,28.3,24.5,80.7,20.5
09-10-2017,28.5,25.3,83,18.4
10-10-2017,28,25.5,86.9,16.6
11-10-2017,27.9,25.5,87.1,21.7
12-10-2017,29.5,25.7,80.7,21.3
13-10-2017,29.1,25.8,82.9,16.1
14-10-2017,28.2,25.7,86.7,17.8
15-10-2017,28.2,25.7,86.5,16.6
16-10-2017,29.1,26.5,86,37.1
17-10-2017,29.7,26.4,82.9,17.1
18-10-2017,29.9,25.8,79.3,19.6
19-10-2017,29.8,25,76.3,20.5
20-10-2017,28.8,23.9,75.1,16.6
21-10-2017,29.1,25.3,80.6,21.1
22-10-2017,29.7,25.7,79.3,18.4
23-10-2017,30,24.9,74.9,15.2
24-10-2017,30.3,19.9,56.5,19.6
25-10-2017,30,19.4,54.7,22.8
26-10-2017,30.6,19.5,52.9,18.4
27-10-2017,29.9,22.3,64.5,18.4
28-10-2017,30.1,20,57.7,20.5
29-10-2017,29.7,20.3,58.6,16.6
30-10-2017,30.1,19.2,54.5,20.5
31-10-2017,30.6,17.7,48.7,15.3
01-11-2017,30.3,16.1,44.6,17.1
02-11-2017,30.2,14.4,39.5,19
03-11-2017,29.7,14.9,42.2,18.4
04-11-2017,29.4,15.2,43.4,21.7
05-11-2017,29.5,15.6,43.9,20.5
06-11-2017,30.4,19.2,52.5,20.5
07-11-2017,29.9,20.5,58.7,18.4
08-11-2017,29.4,20.5,60.2,15.9
09-11-2017,29.6,18.2,52.2,18.9
10-11-2017,29.3,19,55.3,17.8
11-11-2017,29,18.6,55.7,18.4
12-11-2017,28.4,15.2,47.2,19.6
13-11-2017,27.7,16.4,52.5,17.1
14-11-2017,27.4,18.3,59.6,19.5
15-11-2017,27.9,16.3,51.6,16.6
16-11-2017,27.9,16.5,51.1,20.6
17-11-2017,28,16.8,51.9,20.1
18-11-2017,28.1,18.5,57.2,20.2
19-11-2017,29,16.6,48.9,15.9
20-11-2017,29.1,19.5,57.2,15.3
21-11-2017,29.6,22,64.2,17.1
22-11-2017,30,20.5,58.5,19.5
23-11-2017,28.6,16.9,50.6,18.4
24-11-2017,27.6,18.4,58.2,20.1
25-11-2017,27.6,19.8,63.6,19.5
26-11-2017,28.9,19.6,59,17.9
27-11-2017,28.5,18.1,55.2,15.9
28-11-2017,27.9,17.9,56.3,17.1
29-11-2017,27.8,17.6,55.6,15.9
30-11-2017,28.1,16.4,50.9,18.4
01-12-2017,28.7,15.6,45.8,19.6
02-12-2017,29.1,16.5,47.3,20.7
03-12-2017,28.7,19.2,57.2,18.4
04-12-2017,28.4,20.2,63.4,20.5
05-12-2017,23.3,21.8,91.2,22.8
06-12-2017,25,22.1,84.2,16.6
07-12-2017,23.8,19.4,77,20.5
08-12-2017,25.2,20.9,77.7,18.9
09-12-2017,26.3,23.7,86,22.2
10-12-2017,26.2,22.9,82.2,15.3
11-12-2017,25.9,20.9,74.8,21
12-12-2017,25,19.2,70.7,20.7
13-12-2017,24.3,16.8,63.8,19.6
14-12-2017,23.9,17,65.8,18.4
15-12-2017,25,19.1,70.2,15.9
16-12-2017,26.8,20.7,70.1,17.2
17-12-2017,28.1,17.6,54.9,17.1
18-12-2017,27.3,14.9,47.9,17.7
19-12-2017,27.6,14.3,45.7,20.7
20-12-2017,26.8,12.8,44.7,17.8
21-12-2017,27,13.7,46.1,19
22-12-2017,27,15.2,50.2,14.8
23-12-2017,26.8,14.8,49.3,19
24-12-2017,25.9,17.5,61.3,21.9
25-12-2017,25.8,18,64,16.6
26-12-2017,27.4,15.6,50.3,21.7
27-12-2017,26.5,14.5,48.9,17.7
28-12-2017,25.9,14.6,51.3,17.1
29-12-2017,25.6,16.5,58.2,17.8
30-12-2017,25.5,16.7,59.5,50.9
31-12-2017,25.4,17.2,61.6,20.5
01-01-2018,25,16,58.9,15.9
02-01-2018,24.4,15.1,57.3,17.8
03-01-2018,25,18.9,70.3,17.8
04-01-2018,25.2,18.9,69.8,18.4
05-01-2018,25.2,17.6,64.3,20.7
06-01-2018,24.7,13.4,51.3,18.4
07-01-2018,23.6,11.4,47.5,20.7
08-01-2018,23.6,15.4,60.9,18.4
09-01-2018,25.4,17.8,64.4,17.1
10-01-2018,27,16.7,55.8,14.7
11-01-2018,28,15.9,48.9,14.7
12-01-2018,28.5,17.4,52.4,14.7
13-01-2018,28.6,18.6,56.5,17.1
14-01-2018,28.1,20.1,62.9,18.4
15-01-2018,28.7,20.6,62.6,17.8
16-01-2018,29.6,19,55,18.4
17-01-2018,28.7,18.2,54.8,18.8
18-01-2018,28.8,16.9,50.9,19.6
19-01-2018,27.3,15,48.5,29.2
20-01-2018,27.2,15.9,51.6,20.9
21-01-2018,27.3,15.7,51,16.6
22-01-2018,26.3,17.3,59.9,19
23-01-2018,24.7,17.6,66.5,25.2
24-01-2018,24.1,14.6,56.9,47.8
25-01-2018,25.1,14.9,54.8,23.8
26-01-2018,25.5,14,50.4,19.6
27-01-2018,25.3,13.2,48.7,20.7
28-01-2018,24.9,13.6,51.2,18.3
29-01-2018,25.9,16.3,56.8,15.3
30-01-2018,28.2,14.1,45.8,18.9
31-01-2018,28,12.6,42.3,16.6
01-02-2018,27,14.5,48.1,18.9
02-02-2018,27.1,16.7,54.5,18.8
03-02-2018,27.1,16.8,54.6,21.7
04-02-2018,27.3,15.8,50.5,19
05-02-2018,27,17.4,56.8,17.7
06-02-2018,27.4,18,58,20.2
07-02-2018,26.9,19.4,64.9,18.4
08-02-2018,26.1,20.1,71.6,23.5
09-02-2018,26.1,16.1,57.1,20.2
10-02-2018,25.5,14.6,52,23.3
11-02-2018,24.9,18.3,67,25.3
12-02-2018,24.3,16.9,64.8,24
13-02-2018,25.2,17,61.2,24
14-02-2018,28.3,17.7,53.9,27.1
15-02-2018,30,17.3,46.8,20.7
16-02-2018,29.2,17,49.7,22.2
17-02-2018,29,15.1,45,23.7
18-02-2018,28.2,13.4,41.4,19.5
19-02-2018,28.1,15.7,48.5,23.5
20-02-2018,27.6,19.3,61.6,21.3
21-02-2018,28.1,17.3,54.6,18.4
22-02-2018,28.6,17,51.6,22.3
23-02-2018,28.3,20,63,22.9
24-02-2018,29.5,16.4,46.9,18.8
25-02-2018,30.8,16.2,43.3,20.2
26-02-2018,30.6,16.2,43.6,20.5
27-02-2018,30.8,14.9,40.1,20.2
28-02-2018,30.6,17,45.3,19.3
01-03-2018,28.9,18.6,55.3,16.6
02-03-2018,29,20.6,61.7,19.5
03-03-2018,29.1,21.6,66.1,18.3
04-03-2018,28.5,22.5,70.6,19.6
05-03-2018,28.4,19.2,58.6,24.6
06-03-2018,29.6,18.2,52.3,22.2
07-03-2018,28.7,20,60.3,23.5
08-03-2018,27.3,20.1,65.6,27.1
09-03-2018,28.6,16,47.8,25.8
10-03-2018,28.6,20.7,62.8,22.8
11-03-2018,30.9,16.6,46.5,24.7
12-03-2018,30.5,14.7,40.6,25.2
13-03-2018,31.1,9.6,28.6,23.7
14-03-2018,31.2,10.9,32.5,24
15-03-2018,28.1,18.7,57.3,18.4
16-03-2018,28.8,17.9,53.3,23.3
17-03-2018,28.9,19,57.4,24
18-03-2018,28.6,21.2,65.8,23.3
19-03-2018,28.5,20.3,61.9,24
20-03-2018,28.1,22,70.6,24
21-03-2018,28,20.2,64.9,28.9
22-03-2018,27.1,18.8,62.2,27.1
23-03-2018,27.1,19.7,64.8,29
24-03-2018,28.6,20.9,64.6,24.1
25-03-2018,31.9,18.8,52.2,20.6
26-03-2018,32.4,15.8,41.5,25.9
27-03-2018,29.2,25.1,79.5,24.1
28-03-2018,28.6,24.1,77.2,24.1
29-03-2018,28,23.7,78.3,24
30-03-2018,28.3,23.5,75.5,25.8
31-03-2018,28.5,23.6,75.2,22.9
01-04-2018,28.4,22.6,71.9,21.7
02-04-2018,28.7,21.9,67.6,22.5
03-04-2018,28.9,21.8,66.7,22.4
04-04-2018,29.3,22.8,68.8,23.1
05-04-2018,29.5,23.2,69.8,21.9
06-04-2018,29.4,22.8,68.4,28.3
07-04-2018,29.6,23,68.7,24.6
08-04-2018,29.3,22.8,69,24
09-04-2018,29.6,20.7,61.1,29
10-04-2018,29.3,23.2,71,25.8
11-04-2018,29.4,23.8,72.3,24.7
12-04-2018,29.3,24.1,73.9,26.5
13-04-2018,29.3,24.6,76.2,26.5
14-04-2018,29.4,24.5,75.8,25.9
15-04-2018,29.6,24.7,75.3,25.9
16-04-2018,30.4,25.1,73.6,25.9
17-04-2018,31.6,25.7,71.8,24
18-04-2018,31.8,25.4,70.2,21.7
19-04-2018,31.5,23.7,64.8,23.5
20-04-2018,30.4,23.6,67.5,23.6
21-04-2018,30.2,24.3,71.2,25.8
22-04-2018,31.2,21.6,60.1,22.8
23-04-2018,30.1,23.5,68.4,27.1
24-04-2018,31,23.5,66.8,27.1
25-04-2018,30.3,23.3,67.5,27.1
26-04-2018,29.3,23.5,71.4,25.8
27-04-2018,29.4,23.9,73,25.3
28-04-2018,29.5,24.1,73.2,22.2
29-04-2018,30,24.3,72.1,24.7
30-04-2018,29.8,24.2,72.2,22.2
01-05-2018,29.9,24.4,72.7,25.9
02-05-2018,29.8,24.3,72.8,22.3
03-05-2018,30.3,24.5,72,22.3
04-05-2018,30.5,24.7,71.6,24.1
05-05-2018,30.6,24.5,70.6,22.9
06-05-2018,30.6,25.4,74.2,22.3
07-05-2018,30.9,24.1,67.9,22.3
08-05-2018,30.5,24.3,70.2,25.8
09-05-2018,31,24.8,70,27.1
10-05-2018,30.9,26,75.4,24.6
11-05-2018,31.3,25.2,70.3,22.8
12-05-2018,31,24.1,67.4,22.8
13-05-2018,30.8,25.2,72.7,24
14-05-2018,31.2,25,70.3,25.9
15-05-2018,31,24.9,70.3,25.8
16-05-2018,31,25.3,72.4,22.2
17-05-2018,31.5,26.4,74.8,24.6
18-05-2018,31.7,26.3,73.4,20.5
19-05-2018,31.5,25.8,72.6,23.6
20-05-2018,31.2,25.2,70.7,21.1
21-05-2018,31.4,25,69.3,23.5
22-05-2018,31,24.7,69.5,24.1
23-05-2018,30.9,25,71,16.6
24-05-2018,31.5,24.9,68.4,22.9
25-05-2018,31.1,24.8,69.2,26.5
26-05-2018,31.6,26,72.7,21.9
27-05-2018,31.8,26.8,75.1,24.6
28-05-2018,31.4,26,73.3,28.3
29-05-2018,31.6,25.7,71.3,25.3
30-05-2018,31.7,25.8,71.7,21.1
31-05-2018,31.8,25.8,70.8,23
01-06-2018,32.2,25.9,69.8,28.3
02-06-2018,31.3,26,73.8,23.1
03-06-2018,30.2,24.9,74.2,18.4
04-06-2018,30.7,25.6,74.9,23.3
05-06-2018,29.7,24.4,74,18.9
06-06-2018,31.6,26.6,75.3,25.3
07-06-2018,28.5,26.3,88,18.3
08-06-2018,30.6,26.6,79.6,24.7
09-06-2018,27.4,26.2,93,31
10-06-2018,30.9,27.3,81.4,30
11-06-2018,31.1,27,79,31.7
12-06-2018,31,26.6,77.6,27.7
13-06-2018,31.2,26,74,25.4
14-06-2018,31.2,25.8,73.5,22.3
15-06-2018,30.5,24.8,71.7,26.6
16-06-2018,27.5,24.4,83.6,18.4
17-06-2018,27.2,25.2,88.8,33.5
18-06-2018,27.5,25.2,87.4,21.8
19-06-2018,29.2,25.5,80.9,22.3
20-06-2018,30.6,26.2,77.7,20.1
21-06-2018,30.9,26.1,75.8,23.3
22-06-2018,30.7,26.3,77.5,29
23-06-2018,26.6,24.8,90.3,20.5
24-06-2018,25.9,24.7,92.9,25.9
25-06-2018,27.3,25.7,91.6,27.7
26-06-2018,29.3,25.7,81.2,29
27-06-2018,30,25.9,78.9,25.9
28-06-2018,27.1,25.2,89.6,22.4
29-06-2018,28,25.7,87.7,17.2
30-06-2018,28,24.9,83.9,24.1
01-07-2018,28.7,24.6,79.1,22.9
02-07-2018,27.7,25.1,86.4,22.3
03-07-2018,25.9,24.9,94.6,27.2
04-07-2018,27.6,25.2,86.8,31.3
05-07-2018,28.7,26.3,87,22.3
06-07-2018,28.9,26.1,85.2,24.6
07-07-2018,27.8,25.7,88.6,26.4
08-07-2018,25.8,24.8,94.3,21.1
09-07-2018,25.5,24.8,95.9,23.7
10-07-2018,26.4,25.3,93.8,25.8
11-07-2018,28.8,26.1,85.4,24.1
12-07-2018,28.7,25.8,84.2,28.3
13-07-2018,28.1,25.6,86.8,32.3
14-07-2018,28.2,25.9,87.4,35.3
15-07-2018,27.3,25.7,91.2,35.4
16-07-2018,27.5,25.7,90.3,116.7
17-07-2018,27.7,25.2,86.4,30.2
18-07-2018,28.3,25.2,83.5,27.8
19-07-2018,28.6,25.3,82.7,26.5
20-07-2018,27.8,25.1,85.6,24.6
21-07-2018,27.8,25.2,85.8,25.9
22-07-2018,28,25.1,84.5,29.5
23-07-2018,27.9,25.2,85.3,34.9
24-07-2018,28.1,25.2,84.6,22.9
25-07-2018,28.6,24.6,79.5,24.2
26-07-2018,28.1,24.9,83,24.1
27-07-2018,27.9,24.9,83.9,27
28-07-2018,28.6,25.2,82.3,30
29-07-2018,28.7,25.2,81.7,25.9
30-07-2018,28.7,25,80.2,27.1
31-07-2018,28.7,24.9,80.3,27.3
01-08-2018,28.6,25.1,81.5,28.7
02-08-2018,28.5,25.1,81.8,24.1
03-08-2018,28.4,25.1,82.6,24.7
04-08-2018,27.9,24.8,83.7,27.7
05-08-2018,28.6,24.7,79.4,27.7
06-08-2018,28,24.5,81.5,26.5
07-08-2018,28.3,24.5,80,25.9
08-08-2018,28.5,25,81.2,27.7
09-08-2018,27.9,24.9,84.1,26.7
10-08-2018,28.2,25.1,83.7,29.5
11-08-2018,27.7,25.1,85.8,29.5
12-08-2018,27.3,24.5,84.9,29.5
13-08-2018,27.2,24.7,86.2,26
14-08-2018,28.5,25.1,82.3,28.4
15-08-2018,27.4,24.7,85.3,33.5
16-08-2018,27.4,24.9,86.6,30.7
17-08-2018,27.3,24.7,85.9,32.5
18-08-2018,27.3,24.7,86.1,31.1
19-08-2018,27.7,25,85.8,28.3
20-08-2018,27.3,24.5,85,33
21-08-2018,26.9,24.6,87.4,25.9
22-08-2018,27.1,24.8,87.5,22.3
23-08-2018,27.4,24.7,85.1,24
24-08-2018,27.5,24.5,84.1,22.2
25-08-2018,27.4,24.3,83.2,25.9
26-08-2018,27.1,24.4,85.1,23.1
27-08-2018,27.3,24.3,83.9,24.7
28-08-2018,27.1,23.8,82.4,20.5
29-08-2018,28.1,24.3,80.1,21.1
30-08-2018,28.1,24.4,80.2,25.8
31-08-2018,28.3,24.2,78.6,27.7
01-09-2018,28.1,24.3,80.4,25.3
02-09-2018,27.7,24.1,80.7,24.8
03-09-2018,27.9,24.1,79.7,28.3
04-09-2018,28.1,24,78.3,26.5
05-09-2018,28.2,23.8,77.2,27.7
06-09-2018,28.3,23.3,74.4,24.6
07-09-2018,28,22.8,73.7,24.7
08-09-2018,28.3,22.7,72.1,24.7
09-09-2018,27.8,23,75.6,21.1
10-09-2018,28.1,23.1,74.9,21.1
11-09-2018,28.1,23.1,74.6,25.3
12-09-2018,28,23.1,75.1,24.1
13-09-2018,28,23.3,75.6,19.4
14-09-2018,27.5,23.8,80.3,13
15-09-2018,28.3,24.6,80.7,21.1
16-09-2018,28,24.4,81,21.1
17-09-2018,28.5,23.5,75,25.1
18-09-2018,28.5,23.2,73.5,24.1
19-09-2018,27.3,23.2,78.7,14.8
20-09-2018,27.9,24.3,80.7,20.5
21-09-2018,28.8,25,80.3,22.9
22-09-2018,28.9,25.7,83.3,24.2
23-09-2018,28.8,25,80.6,19.9
24-09-2018,28.8,25.1,80.7,19.6
25-09-2018,28.9,24.2,76.2,24.7
26-09-2018,29.3,24.3,75.2,22.2
27-09-2018,29.3,24.9,77.5,25.9
28-09-2018,29.2,24.7,77.2,19
29-09-2018,29.5,24.8,76.3,21.9
30-09-2018,31.5,24.3,67.1,19.6
01-10-2018,31.3,23.1,62.6,76.9
02-10-2018,30.9,23.5,65.5,17.1
03-10-2018,30.7,24,67.8,20.5
04-10-2018,30.4,23.2,66.1,22.3
05-10-2018,31.3,22.6,60.8,16.6
06-10-2018,31.7,21.9,57.8,17.1
07-10-2018,32.1,23.5,62.4,22.3
08-10-2018,31.4,25.5,72.2,18.4
09-10-2018,30.6,26.2,77.9,21.1
10-10-2018,30.2,25.9,77.8,22.9
11-10-2018,30.4,25.5,75.7,23.5
12-10-2018,30.8,25.2,73.3,21.1
13-10-2018,31.8,24.7,68,19
14-10-2018,31.4,22,59.6,20.2
15-10-2018,31.5,21.5,57.1,22.3
16-10-2018,31.1,21.4,57.3,19
17-10-2018,30.1,24,70.4,20.5
18-10-2018,28.9,23.9,74.8,22.9
19-10-2018,28.8,23.1,71.9,20.2
20-10-2018,30.3,24.3,71.1,19.3
21-10-2018,30.2,25.4,76.2,18.4
22-10-2018,31.1,24.6,70,16.6
23-10-2018,31,18,49.5,19.5
24-10-2018,30.7,15.6,43,18.8
25-10-2018,30.3,19.9,55.1,17.8
26-10-2018,31.1,18.9,50.3,17.8
27-10-2018,30.7,19.4,52.5,19
28-10-2018,30.6,16.7,46.5,21.3
29-10-2018,30.4,14.4,41,15
30-10-2018,29.8,14.6,41,19.6
31-10-2018,29.6,15.6,44.1,20.2
01-11-2018,30.1,19,53.3,21.1
02-11-2018,30.6,19.4,54,19
03-11-2018,31.1,21.8,58.9,21.3
04-11-2018,31,23.2,64.3,22.8
05-11-2018,30.1,22.7,65.6,17.1
06-11-2018,31.2,23.2,63.7,22.9
07-11-2018,30.3,15.8,42.8,21.9
08-11-2018,29.4,17.8,51,17.1
09-11-2018,30.2,20.6,58.5,18.9
10-11-2018,30.3,19.4,53.7,18.3
11-11-2018,29.3,18.4,53.5,19.6
12-11-2018,29.1,18.2,54.4,19.6
13-11-2018,28.3,20.1,62.1,18.4
14-11-2018,27.6,21.8,71.2,22.9
15-11-2018,28.9,19.8,60.8,19.6
16-11-2018,29.4,15.7,45.8,20.7
17-11-2018,29.1,16.6,49,19.5
18-11-2018,28.7,19.7,59.7,17.1
19-11-2018,28.8,22.6,70.3,19.6
20-11-2018,29.6,22.6,67,15.9
21-11-2018,30.2,21.2,59.9,18.3
22-11-2018,30.3,21,58.6,17.1
23-11-2018,30,18.5,52.5,22.3
24-11-2018,29.3,17.8,51.9,20.7
25-11-2018,28.8,18.5,55.1,16.6
26-11-2018,28.8,18.6,55.6,14.7
27-11-2018,29,15.9,47.5,17.7
28-11-2018,28.6,16.1,49.7,19.4
29-11-2018,28.5,15.7,49.6,19.4
30-11-2018,28.4,14.8,45.5,17.1
01-12-2018,28,14.7,46.2,15.2
02-12-2018,27.3,15.1,48.6,15.9
03-12-2018,27.5,17.3,54.7,17.8
04-12-2018,28.7,17.3,52.1,20.7
05-12-2018,28.4,18.2,55.1,17.1
06-12-2018,28.3,15.9,48.7,21.3
07-12-2018,27.8,16.1,50,18.9
08-12-2018,27.5,16.1,51.1,18.6
09-12-2018,26.1,15,51.4,23.5
10-12-2018,25.8,13.6,49.7,19.5
11-12-2018,25.5,13.5,49.3,18.8
12-12-2018,26,17.8,61.4,18.5
13-12-2018,26,13.8,48.6,26.3
14-12-2018,26.9,10.9,37.2,24.1
15-12-2018,27.5,11.9,38.5,25.9
16-12-2018,27,13,43.1,24.6
17-12-2018,25.2,10.5,41,22.5
18-12-2018,25.5,12.9,46.7,20.7
19-12-2018,24.9,11.9,45.6,20.6
20-12-2018,24.8,12.1,47.2,21.3
21-12-2018,25.8,15.2,53.3,15.9
22-12-2018,26.1,15.1,52.6,17.7
23-12-2018,26.8,15.5,51,20.2
24-12-2018,26.8,17,55.9,16.6
25-12-2018,26.5,17,57.3,17.6
26-12-2018,24.4,10.1,42.5,20.6
27-12-2018,23.4,5.9,34.8,22.5
28-12-2018,24.5,6.4,32.5,21.3
29-12-2018,24.8,5.7,30.3,16.6
30-12-2018,24.9,6.7,33.3,20.2
31-12-2018,25.1,8.8,37.3,17.7
01-01-2019,24.9,11.2,45.2,19
02-01-2019,24.8,12.8,49,17.1
03-01-2019,24.8,13.4,52.3,14.7
04-01-2019,25.6,13.1,48,17.1
05-01-2019,24.6,13.8,52.9,18.4
06-01-2019,24.4,14.2,54.9,19.6
07-01-2019,24.9,11.5,44.7,62.8
08-01-2019,25,10.6,41.9,21.3
09-01-2019,23.6,12.7,52.2,17
10-01-2019,24.5,12.2,49.1,19.6
11-01-2019,24.2,14.7,57,21.3
12-01-2019,23.7,15.3,61.4,20.6
13-01-2019,23.8,14.3,56.6,20.1
14-01-2019,25.2,14.3,53.1,19.5
15-01-2019,27.2,14.2,45.8,20.2
16-01-2019,26.7,14.8,49.8,17.8
17-01-2019,26.3,15,51.3,18.3
18-01-2019,26.3,14.1,48.9,22.3
19-01-2019,26.8,15.7,52.9,16.6
20-01-2019,27,17.5,57.7,16.6
21-01-2019,25.2,17.4,63.6,22.3
22-01-2019,24.8,18.3,68.8,14.8
23-01-2019,24.1,17.1,66.1,21.9
24-01-2019,22.8,13.6,56.6,22.3
25-01-2019,22.7,8.3,40.4,29.3
26-01-2019,22.8,8.5,40.7,21.1
27-01-2019,24.3,11.2,44.1,23.3
28-01-2019,24.6,9.6,39.2,23.5
29-01-2019,24.8,8.2,35.5,21.9
30-01-2019,25.2,8.8,36.6,20.2
31-01-2019,24.5,11.8,46.4,21.3
01-02-2019,24.6,13.9,52.8,20.2
02-02-2019,24.1,14,54.1,18.8
03-02-2019,25.6,15.9,56.8,21.7
04-02-2019,27.4,16.6,54.4,21.1
05-02-2019,26.8,19,64.1,19.6
06-02-2019,24.9,17.4,64.2,24
07-02-2019,23.4,15.7,63.3,27.1
08-02-2019,21.1,9.6,48.5,30.5
09-02-2019,21.7,5,35.4,29
10-02-2019,24.3,5.6,32,18.4
11-02-2019,26,10.9,40.4,22.2
12-02-2019,28.1,12.3,39.6,20.2
13-02-2019,27.7,14.9,47,25.8
14-02-2019,26.3,16.6,56.1,25.8
15-02-2019,25.1,16.4,59.5,22.6
16-02-2019,24.6,13.5,51.7,23.3
17-02-2019,24.2,13,50.8,24
18-02-2019,24.8,14.5,55.1,21.3
19-02-2019,26,13.9,50.1,23.1
20-02-2019,25.6,19.1,68.5,18.4
21-02-2019,25.5,20.7,75.5,25.8
22-02-2019,26.6,20,68.6,21.3
23-02-2019,28,17.9,56,18.8
24-02-2019,28,12.9,40.7,21.1
25-02-2019,26.8,13.2,45.1,25.8
26-02-2019,26.6,17.3,60.1,21.8
27-02-2019,25.1,18.1,66.3,24.7
28-02-2019,25.6,15,54.5,23.4
01-03-2019,25.6,12.5,45.2,22.9
02-03-2019,26.4,18.1,62.3,23.5
03-03-2019,25.7,19.8,70.7,24.1
04-03-2019,25.7,20.6,74.2,27.7
05-03-2019,25.9,19.1,66.9,21.7
06-03-2019,25.1,17.8,64.8,26.4
07-03-2019,25.6,18.5,66.7,21.7
08-03-2019,26.3,17,59,20.6
09-03-2019,27.7,16,51.1,24.6
10-03-2019,27.6,15.4,49.2,24
11-03-2019,26.6,19.1,64.5,25.8
12-03-2019,26.1,19.8,69,25.3
13-03-2019,25.9,18.3,63.7,25.8
14-03-2019,26.4,16.1,55.2,25.6
15-03-2019,27.7,13.9,47.4,24.1
16-03-2019,27.2,15.9,51.3,21.3
17-03-2019,27,18.9,62.6,21.3
18-03-2019,28.4,15.8,48.1,24.6
19-03-2019,27.4,17.5,56.3,25.8
20-03-2019,26.6,20.5,70.4,27.1
21-03-2019,26.3,20.6,72.1,25.8
22-03-2019,26.4,19.4,67,25.8
23-03-2019,29.3,18,52.3,24
24-03-2019,30.8,17,45,22.4
25-03-2019,32.5,15,37.3,27.4
26-03-2019,31.7,17.6,46.8,26.4
27-03-2019,28.8,22.8,70.7,23.5
28-03-2019,28.4,22.5,71.7,22.2
29-03-2019,29,23.1,71.8,21.9
30-03-2019,28.5,23.8,76.2,24
31-03-2019,28.7,23.8,75.3,22.9
01-04-2019,28,22.4,72.2,24.6
02-04-2019,27.7,22.8,75.3,25.3
03-04-2019,29.1,23.2,71.7,29
04-04-2019,28.6,24.5,78.6,24.1
05-04-2019,29.4,23.7,72.3,22.3
06-04-2019,29.1,23.1,70.7,22.3
07-04-2019,29.2,23.6,72.6,26.5
08-04-2019,29.3,23.5,72.5,24.5
09-04-2019,29.3,23.3,71.6,22.2
10-04-2019,29.1,23.8,73.8,24
11-04-2019,29.2,24.3,75.2,27.1
12-04-2019,29.5,24.7,75.7,25.8
13-04-2019,30.8,22.4,62,18.4
14-04-2019,30.3,23.6,68,25.3
15-04-2019,30.3,24,69.7,23.3
16-04-2019,30.2,24.3,71.2,24.7
17-04-2019,29.5,18.4,52.8,27.6
18-04-2019,29,20.7,61.2,28.2
19-04-2019,30.3,21.5,60.6,27.1
20-04-2019,29.4,22.6,67.4,24.6
21-04-2019,29.1,22.8,69.4,23.3
22-04-2019,29.5,22.9,68.5,27.1
23-04-2019,29.8,24.2,72.6,27.2
24-04-2019,30,24.3,72.2,24.6
25-04-2019,30.7,22.9,63.8,24.2
26-04-2019,30.9,25.2,72,25.8
27-04-2019,32,24.2,64.2,23.3
28-04-2019,31.7,25.2,69.1,27.1
29-04-2019,30.7,25.7,75,24.1
30-04-2019,30.1,24.7,73.4,25.3
01-05-2019,29.8,23.6,69.9,25.9
02-05-2019,29.6,22.4,65.8,20.7
03-05-2019,29.5,22.5,66.7,29
04-05-2019,30.1,22.9,66,22.9
05-05-2019,30.1,23.2,67,24.6
06-05-2019,29.6,23.8,71.4,27.7
07-05-2019,29.9,23.9,70.7,24
08-05-2019,30.1,23.5,68.2,26
09-05-2019,29.9,22.5,65.1,25.9
10-05-2019,30.2,23.4,67.6,24
11-05-2019,29.9,23.1,67.6,24.6
12-05-2019,29.7,23.8,70.7,27.1
13-05-2019,30.1,24,70.2,26.5
14-05-2019,30,23.7,69.3,24.6
15-05-2019,29.9,23.7,69.6,26.5
16-05-2019,30,23.4,68.4,24.1
17-05-2019,30.3,24.6,71.9,24.2
18-05-2019,30.6,25.5,74.8,20.5
19-05-2019,31.2,24.9,70.5,24
20-05-2019,30.8,26,76.1,28.3
21-05-2019,30.8,26.4,77.7,26.5
22-05-2019,30.5,25.1,73.5,28.3
23-05-2019,30.7,25.5,74.5,25.8
24-05-2019,30.9,25.2,72.4,24.8
25-05-2019,30.9,25,71.2,26.4
26-05-2019,30.6,24.1,68.9,22.2
27-05-2019,31,25.1,71.2,21.8
28-05-2019,30.9,24.9,71,26.5
29-05-2019,30.9,25.4,72.9,27.1
30-05-2019,30.9,25,71.3,27.1
31-05-2019,30.8,24.6,69.9,23.5
01-06-2019,31.2,24.9,69.6,23.5
02-06-2019,31.3,25.3,70.9,23.3
03-06-2019,31.5,25.6,71.2,22.9
04-06-2019,31.2,25.1,70.3,24
05-06-2019,31.2,25.6,72.4,25.8
06-06-2019,31.5,25.9,72.7,25.9
07-06-2019,31.7,26.1,72.8,23.5
08-06-2019,32.1,26.3,72,25.9
09-06-2019,32.1,26.4,72.3,25.3
10-06-2019,30.8,25.8,75.4,22.3
11-06-2019,30.2,25.5,77.2,21.7
12-06-2019,28.9,24.5,78.2,77
13-06-2019,29.1,25.4,80.7,38
14-06-2019,29.2,26.1,83.8,30.4
15-06-2019,29.3,26.5,85.3,31.9
16-06-2019,30.3,26.4,79.6,30.1
17-06-2019,30.5,26.3,78.7,29.5
18-06-2019,29,25.9,83.8,30.8
19-06-2019,29,26.1,84.9,22.3
20-06-2019,30.4,26,77.7,22.3
21-06-2019,30.6,25.7,75.5,25.4
22-06-2019,30.7,25.2,72.8,25.8
23-06-2019,30.8,25.1,72.1,22.9
24-06-2019,29.6,25.2,77.5,17.8
25-06-2019,29.6,25.5,78.9,19
26-06-2019,30.1,25.9,78.5,24.1
27-06-2019,29,25.8,83.3,25.9
28-06-2019,27.3,25.7,91.2,29.5
29-06-2019,26.8,25,90.3,33.6
30-06-2019,27.3,25.5,90.1,24.6
01-07-2019,26,25.4,96.2,25.7
02-07-2019,25.9,25.2,95.9,14.8
03-07-2019,27.2,25.7,91.8,18.4
04-07-2019,27.6,26.2,92.3,25.8
05-07-2019,28.4,26.3,88.9,29.9
06-07-2019,28,26.1,89.5,29.5
07-07-2019,29.3,26.9,86.9,31.7
08-07-2019,28.3,26.5,90.3,30.7
09-07-2019,29.1,26.3,84.9,26.5
10-07-2019,27.4,26,92.3,25.8
11-07-2019,29.1,26.6,86.2,25.9
12-07-2019,29.1,26.4,85.8,24.1
13-07-2019,28.7,26.4,87.1,24.1
14-07-2019,29.2,26.2,83.9,21.3
15-07-2019,29.7,26.1,81.2,22.9
16-07-2019,29.1,26.1,84.2,25.7
17-07-2019,29.6,25.8,80.4,23.6
18-07-2019,29.8,25.7,79.2,21.1
19-07-2019,30.1,25.7,77.3,23.5
20-07-2019,29,26,84.1,18.4
21-07-2019,29.3,26.1,83.2,19
22-07-2019,29.6,26,81.6,22.2
23-07-2019,29.4,26,82.1,21.7
24-07-2019,27,25.8,93.3,29.5
25-07-2019,27.8,25.8,89.3,21.8
26-07-2019,28,25.8,88.2,31.7
27-07-2019,27.8,25.6,87.7,33.6
28-07-2019,28.8,25.8,83.7,30
29-07-2019,28.1,25.7,86.7,29.9
30-07-2019,26.9,25.3,91.4,29.5
31-07-2019,28,25.4,86.2,31.8
01-08-2019,28.5,25.6,84.5,32.9
02-08-2019,26.9,25.2,90.3,35.3
03-08-2019,26.5,25.2,92.8,29.5
04-08-2019,27.1,25.8,92.5,39.6
05-08-2019,28,25.9,88.5,27.7
06-08-2019,27.9,25.8,88.1,27.7
07-08-2019,28.1,25.8,87.3,30.8
08-08-2019,28.2,25.8,87,31.7
09-08-2019,28.1,25.8,87.3,31.7
10-08-2019,28.4,25.5,83.9,29.5
11-08-2019,28.6,25.3,82.6,26.6
12-08-2019,28.6,25.6,83.5,22.8
13-08-2019,28.3,25.7,85.6,25.8
14-08-2019,28.3,25.6,85.7,22.3
15-08-2019,28.2,25.5,85.2,26.6
16-08-2019,28.3,25.3,84.3,26.6
17-08-2019,28.6,25,80.8,24.8
18-08-2019,28.6,24.9,80.6,24.1
19-08-2019,28.7,25,80.3,20.5
20-08-2019,29.1,24.4,76.2,25.4
21-08-2019,28.9,24.8,79,24.1
22-08-2019,29,24.6,77.6,24.7
23-08-2019,29.1,24.7,77.5,25.3
24-08-2019,28.7,24.4,77.5,24.8
25-08-2019,28.1,24.2,79.6,21.8
26-08-2019,28.5,24.2,78.4,26.5
27-08-2019,28.7,24.1,76.3,24.8
28-08-2019,28.7,24.7,79.4,25.5
29-08-2019,29.1,25.5,81.4,20.5
30-08-2019,28.2,25.6,86.4,25.3
31-08-2019,28.1,25.5,86.4,21.1
01-09-2019,26.9,24.9,88.8,29.3
02-09-2019,28.4,25.4,84,24.1
03-09-2019,26.5,25.3,93.4,22.3
04-09-2019,25.8,24.9,94.8,25.3
05-09-2019,27.1,25.8,92.7,24.1
06-09-2019,27.2,25.5,90.8,24
07-09-2019,26.9,25.4,91.9,25.9
08-09-2019,26.6,25.6,94,22.8
09-09-2019,27.2,25.6,91.2,29
10-09-2019,27.9,25.5,87.2,24.8
11-09-2019,27.2,25.1,88.8,27.2
12-09-2019,27.4,25.5,89.4,25.9
13-09-2019,27.3,25.4,89.8,23.5
14-09-2019,28.4,26,87.2,24.1
15-09-2019,26.5,24.5,88.7,22.3
16-09-2019,27.9,25.7,87.9,23.5
17-09-2019,27.6,25.6,88.7,23.3
18-09-2019,27.4,25.8,91.4,92.5
19-09-2019,27.3,25,87.9,17.8
20-09-2019,26.9,25.3,91.1,22.9
21-09-2019,28.4,24.3,78.9,23.3
22-09-2019,28.6,24.3,78.2,22.5
23-09-2019,28.9,25,80.1,19
24-09-2019,29,25.3,81,24.6
25-09-2019,27.5,25.7,90,24.8
26-09-2019,28.1,25.2,84.8,22.8
27-09-2019,27.3,24.4,84.4,23.5
28-09-2019,28.1,24.4,81,22.9
29-09-2019,28.6,24.7,80.2,24.7
30-09-2019,28.2,25.2,84.2,26.6
01-10-2019,29,24.9,78.8,21.8
02-10-2019,28.9,24.6,78.5,20.5
03-10-2019,29.1,25.1,79.4,22.3
04-10-2019,29.1,25,79,23.5
05-10-2019,28.6,23.9,75.9,22.2
06-10-2019,29,23.7,73.9,19
07-10-2019,30,25.1,75.3,23.3
08-10-2019,29.9,25.1,75.9,20.7
09-10-2019,28.3,23.6,76.4,21.1
10-10-2019,29.1,24.2,75.4,16.6
11-10-2019,29.4,23.3,70.6,18.4
12-10-2019,29.2,24,74.5,21.1
13-10-2019,29.9,23.5,69.5,18.4
14-10-2019,31.2,24,66.9,20.1
15-10-2019,31.7,20.3,52.1,21.7
16-10-2019,31.3,19.6,50.8,20.5
17-10-2019,31,20.9,55.7,19.5
18-10-2019,28.6,22.1,68.2,13.4
19-10-2019,26.1,23.4,84.9,17.1
20-10-2019,25.7,23,85.4,19.4
21-10-2019,27.9,23.3,77,21.1
22-10-2019,27.5,24.1,82.5,15.3
23-10-2019,26.6,24.2,86.7,16.6
24-10-2019,27.6,24.2,82.7,13.5
25-10-2019,27.6,23,76.7,25.9
26-10-2019,27.8,22.8,74.9,24.1
27-10-2019,28.5,23.3,75,17.1
28-10-2019,29.3,22.6,68.5,16.6
29-10-2019,29.8,23.9,71.1,19
30-10-2019,30.6,23.3,65.9,14.7
31-10-2019,30.2,21.5,60.4,17.8
01-11-2019,29.5,23.5,71.9,22.9
02-11-2019,28.3,22.9,73.9,23.6
03-11-2019,28.8,23.4,73.2,19.8
04-11-2019,28.7,24.6,78.8,25.8
05-11-2019,29.6,24.2,73.7,23.5
06-11-2019,28.8,23.7,74.7,20.5
07-11-2019,28.7,23.6,75,24.6
08-11-2019,27.7,23.9,80.3,22.8
09-11-2019,27.6,23.8,80.3,18.4
10-11-2019,28.4,24.8,81.8,18.4
11-11-2019,28.8,23.3,73.4,16.6
12-11-2019,29.2,22.5,68.5,14.9
13-11-2019,29.6,22.3,66.5,16
14-11-2019,28.6,18.5,56.6,14.2
15-11-2019,28.7,21.2,64.8,14.1
16-11-2019,29.6,22.7,67.5,13.6
17-11-2019,30.3,22.3,63.5,15.2
18-11-2019,29.5,19.2,55,21.9
19-11-2019,28.9,19.8,59.4,14.2
20-11-2019,28.4,21.2,66,14.1
21-11-2019,29.2,21.1,63.2,14.9
22-11-2019,29.1,20.8,61.9,15.9
23-11-2019,29,21.3,63.9,15.9
24-11-2019,28.7,20.7,63.3,14.9
25-11-2019,28.4,20.4,63.2,15.9
26-11-2019,28.7,19.8,60.5,15.3
27-11-2019,28.5,19.6,60.2,17.1
28-11-2019,28.9,19.8,59,14.8
29-11-2019,29.1,20.8,62,17.8
30-11-2019,29,21.5,64.4,13.6
01-12-2019,29.3,22.5,67.7,14.7
02-12-2019,29.2,22,66.3,16.6
03-12-2019,29.3,21.1,62.6,16
04-12-2019,29.4,21.3,63,17.2
05-12-2019,29.1,22.7,70,14.8
06-12-2019,29.2,19.1,56,14.7
07-12-2019,28,17.2,53,16
08-12-2019,27.9,18.2,56.2,13.5
09-12-2019,28.2,20.2,62.4,14.2
10-12-2019,28.3,20.9,65.2,15.3
11-12-2019,27.8,21.4,68.5,17.1
12-12-2019,26.9,19.9,66.1,16
13-12-2019,26.1,19.5,67.8,20.2
14-12-2019,25.5,17.8,63.2,21.1
15-12-2019,25.6,18.8,66.6,17.7
16-12-2019,26,20.3,71.6,16
17-12-2019,27.2,19.9,65.9,19.6
18-12-2019,27.7,18.9,59.9,17.2
19-12-2019,27.5,18.5,59.1,17.2
20-12-2019,27.1,19.3,63.5,14.7
21-12-2019,27.4,19.4,62.5,14.8
22-12-2019,28.1,19.5,60.5,14.8
23-12-2019,28.4,21.1,65.9,17.1
24-12-2019,28,21.5,68.6,15.3
25-12-2019,28.1,22,70,16.6
26-12-2019,26.8,18,60.1,21.9
27-12-2019,25.7,18.3,65.1,13.1
28-12-2019,26.9,18.3,59.8,15.4
29-12-2019,26.8,18.9,62.4,18.4
30-12-2019,25.2,18.5,67.3,18.4
31-12-2019,23.9,13.8,54.2,15.9
01-01-2020,23,14.8,61,13
02-01-2020,23.7,17.4,68.5,19.6
03-01-2020,23.1,16,64.5,23.3
04-01-2020,22.4,14.2,60.4,18.7
05-01-2020,24.7,15.7,58.7,17.2
06-01-2020,26.8,17.3,57,16.7
07-01-2020,26.7,19.6,66.2,14.8
08-01-2020,26.1,18.8,64.6,19
09-01-2020,23.9,14.5,55.9,19.9
10-01-2020,25.7,15.3,53.2,14.9
11-01-2020,27.6,17.4,54.8,14.9
12-01-2020,27.1,19.6,64.8,16.7
13-01-2020,26.1,21.4,75.6,18.1
14-01-2020,24.9,18,67.3,20.5
15-01-2020,23.3,13.1,53.3,22.3
16-01-2020,21.2,12.4,57.9,19.8
17-01-2020,20.2,9.6,51.3,20.6
18-01-2020,22.9,13.1,55,14.8
19-01-2020,24.8,16.2,60.3,16
20-01-2020,26.1,17.5,60.5,16.7
21-01-2020,25.6,17.6,63,16
22-01-2020,26.6,17.1,57,13.6
23-01-2020,27.3,17.6,56.6,18.7
24-01-2020,28.1,17.7,54.2,18.7
25-01-2020,27.5,18,57.5,18.1
26-01-2020,26.9,18.4,60.9,16
27-01-2020,25.2,19.2,70.8,19.4
28-01-2020,25,18.2,66.9,15.5
29-01-2020,23,14.3,58.8,17.2
30-01-2020,22.5,12,52.4,20.5
31-01-2020,23.1,13.9,57.4,21.1
01-02-2020,24.1,15.3,59.1,17.8
02-02-2020,25.6,17.7,63.8,17.6
03-02-2020,24.7,19.7,73.9,16.7
04-02-2020,24.8,16.8,63.1,17.2
05-02-2020,24.4,12.6,48.6,16.6
06-02-2020,24.4,12.6,49.7,21.1
07-02-2020,23.2,10.8,46.9,24.8
08-02-2020,24.4,15.2,57.7,24.1
09-02-2020,26.6,14.7,49,18.7
10-02-2020,27.9,16.3,49.9,18.4
11-02-2020,28.4,18.4,55.4,14.2
12-02-2020,28.9,18.4,53.8,13.6
13-02-2020,28.8,17.6,52.1,16.7
14-02-2020,29.2,14.1,40.5,20.5
15-02-2020,27.6,11.9,38.9,20.5
16-02-2020,26.9,15.7,51.3,18.1
17-02-2020,28.8,17.8,53.9,15.4
18-02-2020,29.8,16.8,47.5,17.6
19-02-2020,28.6,18,54.3,16
20-02-2020,28.1,17.2,53.1,18.7
21-02-2020,27.3,17.6,57.4,18.7
22-02-2020,27.6,16,50.1,14.8
23-02-2020,28.3,14.9,45.8,18.7
24-02-2020,27.2,17.4,56.1,16.7
25-02-2020,29.1,10,32.3,19.3
26-02-2020,29.5,9.9,32.1,20.1
27-02-2020,29.3,11.2,34.8,20.2
28-02-2020,28,13.5,42.4,24
29-02-2020,27.2,16.8,54.7,20.2
01-03-2020,27.2,19,62.7,20.5
02-03-2020,26.4,18.8,64,21.7
03-03-2020,26.5,20,68.4,20.7
04-03-2020,26,19.2,66.4,24
05-03-2020,26.1,19.8,68.8,23.6
06-03-2020,26.9,18.9,61.8,24
07-03-2020,26,18.1,62.3,24.6
08-03-2020,25.3,16.5,58.7,23.5
09-03-2020,25.6,19,67.2,24.1
10-03-2020,26.1,19.7,68.5,21.1
11-03-2020,26.1,17.1,58.2,21.9
12-03-2020,25.4,16.7,59,24.6
13-03-2020,25.1,13.4,49.7,25.3
14-03-2020,26.3,12.2,43.9,18.9
15-03-2020,28.1,12.9,41.6,23.5
16-03-2020,29.7,13.7,39.2,21.9
17-03-2020,29.3,15.5,44.8,24.1
18-03-2020,29.2,16.4,47.6,20.7
19-03-2020,28.2,17.8,55.2,22.9
20-03-2020,27.3,20.2,66.1,21.3
21-03-2020,26.8,20.5,68.8,20.2
22-03-2020,27.7,21.4,69.8,24.3
23-03-2020,29.1,21.9,66.8,24.6
24-03-2020,29.5,21.7,63.8,22.2
25-03-2020,29.3,23.6,71.7,24.6
26-03-2020,29.5,23.7,71.8,24.6
27-03-2020,29.3,23,69.5,23.6
28-03-2020,29.6,18.3,52.9,24
29-03-2020,29.9,18.3,50.6,21.3
30-03-2020,29.1,19.3,56.1,21.3
31-03-2020,28.7,20.7,64.4,24.6
01-04-2020,29,21.6,65.6,21.9
02-04-2020,29.6,22,65.4,23.3
03-04-2020,29.6,22.6,67.6,26.5
04-04-2020,29.4,23.6,72.2,25.8
05-04-2020,29.3,23.8,73.5,25.3
06-04-2020,28.8,24.5,78,23.6
07-04-2020,28.2,23.7,77.2,25.8
08-04-2020,28.3,22.8,72.4,22.8
09-04-2020,28.5,22.6,71.3,21.8
10-04-2020,29.2,23.9,73.8,24.6
11-04-2020,30,24.3,72.4,27.7
12-04-2020,30.1,25.4,76.7,24.7
13-04-2020,29.9,25.6,78.1,21.7
14-04-2020,30.6,25,73.1,23.5
15-04-2020,30.6,25,72.7,22.2
16-04-2020,30.4,25.5,75.6,24.6
17-04-2020,30.3,25.6,76.8,22.8
18-04-2020,30.6,25,72.8,23
19-04-2020,31.3,25.3,71,25.4
20-04-2020,32.8,21.6,55.4,26.4
21-04-2020,30.7,23.2,64.7,24.7
22-04-2020,30.2,25,74.4,24.6
23-04-2020,30.7,25.3,73.4,23.3
24-04-2020,30.8,25.1,72.2,26.5
25-04-2020,30.5,24,68.8,26.5
26-04-2020,29.9,23.9,70.9,27.2
27-04-2020,30.1,23.9,69.7,27.7
28-04-2020,30.8,25.1,72.3,20.4
29-04-2020,31.1,25.6,73.1,27.1
30-04-2020,31,25.7,73.8,22.8
01-05-2020,30.9,25.3,72.5,24.6
02-05-2020,30.6,25.3,73.9,25.9
03-05-2020,30.8,25.6,74.4,28.3
04-05-2020,30.5,25.3,74.5,25.8
05-05-2020,30.7,25.5,74.3,24.7
06-05-2020,31.1,26.2,75.7,21.1
07-05-2020,30.6,25.5,74.6,24
08-05-2020,30.6,24.9,71.9,23.5
09-05-2020,30.6,25,72.5,25.3
10-05-2020,30.8,25.6,74,25.8
11-05-2020,31,25,71.2,25.3
12-05-2020,30.5,25.1,73.6,22.3
13-05-2020,30.7,25.5,74.3,27.1
14-05-2020,31.2,25.7,73.3,26.5
15-05-2020,31.5,25,69.1,25.8
16-05-2020,31.2,25.8,73.4,25.3
17-05-2020,31.2,25.3,71.2,23.5
18-05-2020,30.9,24.9,71,28.3
19-05-2020,30.7,24.3,69.3,27.1
20-05-2020,30.6,24.2,69,27.1
21-05-2020,30.9,24.5,69.4,24.1
22-05-2020,31.1,25.1,71.1,22.3
23-05-2020,31,25.4,72.7,24.1
24-05-2020,31,26,74.9,25.5
25-05-2020,31,26.4,77.1,24.7
26-05-2020,31.2,26.1,74.8,22.9
27-05-2020,31.2,25.3,71.3,27.1
28-05-2020,31.4,25.2,70.2,21.7
29-05-2020,31.7,25.9,72,22.9
30-05-2020,32.1,26,70.8,26.6
31-05-2020,32.3,25.5,68.4,26.5
01-06-2020,30.3,25.3,75,19
02-06-2020,29.8,24.8,75.4,21.7
03-06-2020,27,24.1,84.2,42.5
04-06-2020,26.7,24.4,87.6,29.5
05-06-2020,28.2,23.1,75.4,21.9
06-06-2020,29.1,25.8,82.7,53.6
07-06-2020,29.7,24.9,75.9,27.1
08-06-2020,27.7,23.5,78.7,26.5
09-06-2020,29.3,25.3,79.4,23.5
10-06-2020,30,26.1,79.7,24.1
11-06-2020,29.6,25.9,81,23.6
12-06-2020,29.2,25.7,81.8,19
13-06-2020,28.8,25.9,85,23
14-06-2020,29.2,26.1,84.1,24
15-06-2020,29.1,26.4,85.6,22.8
16-06-2020,28.7,26.4,87.7,21.7
17-06-2020,28.9,25.5,82.1,24.1
18-06-2020,27.6,25.8,90.1,17
19-06-2020,29.4,26.8,86.5,24.1
20-06-2020,30.2,26.6,81.4,23.3
21-06-2020,29.9,26.2,81.1,22.3
22-06-2020,29.4,26.3,83.6,27.7
23-06-2020,29.3,25.3,79.6,29
24-06-2020,29.8,25.3,77.1,21.7
25-06-2020,30.2,26.2,79.5,21.8
26-06-2020,29.8,26.5,83,19.6
27-06-2020,30.6,26.2,77.5,21.1
28-06-2020,29.6,26.3,82.8,19.8
29-06-2020,29.3,26.4,84.9,22.9
30-06-2020,28.5,25.9,86.1,24
01-07-2020,28.9,25.8,84,24.1
02-07-2020,28.6,25.7,84.7,23.3
03-07-2020,27.1,26,93.8,31.6
04-07-2020,26.6,26.2,97.2,22.3
05-07-2020,27.3,26,92.7,26.4
06-07-2020,29.1,26.2,84.5,35.1
07-07-2020,28,26.5,91.8,30.1
08-07-2020,28.8,26.7,88.4,30
09-07-2020,28.9,26.5,87.4,25.4
10-07-2020,29.6,26.6,84.1,25.9
11-07-2020,29.4,26.6,85.7,24.6
12-07-2020,26.5,25.4,93.4,21.1
13-07-2020,27.2,25.9,92.9,31.7
14-07-2020,26.7,26,95.8,14.8
15-07-2020,26.3,25.8,97.2,22.3
16-07-2020,26.2,25.6,96.5,28.8
17-07-2020,26.8,25.8,94.6,20.5
18-07-2020,28.3,26.3,89.3,18.4
19-07-2020,29.2,26.7,86.6,25.9
20-07-2020,29.4,26.2,83.3,19.8
21-07-2020,29.6,25.9,81.1,20.5
22-07-2020,29.5,25.8,80.7,20.5
23-07-2020,28.8,26.2,86.3,20.5
24-07-2020,27.9,25.8,88.5,14.8
25-07-2020,28.6,25.3,83.1,19
26-07-2020,28.2,25.7,86.8,20.7
27-07-2020,26.9,25.8,93.5,20.5
28-07-2020,26.5,25.7,95.8,25.8
29-07-2020,27.5,25.8,90.9,21.1
30-07-2020,27.3,26.1,93.2,19.6
31-07-2020,28.5,25.9,86.5,22.3
01-08-2020,28.7,25.8,84.7,20.5
02-08-2020,29.1,25.6,81.7,23.3
03-08-2020,28.1,26,88.6,22.3
04-08-2020,26.8,25.9,94.9,44.6
05-08-2020,26.3,25.5,95.4,51.8
06-08-2020,26.5,25.6,95.4,40.8
07-08-2020,27.8,26,90,39.2
08-08-2020,28.2,26.1,88.5,22.3
09-08-2020,29,26.3,85.5,22.9
10-08-2020,28.6,26.1,86.3,21.1
11-08-2020,28.2,25.9,87,22.3
12-08-2020,27.3,25.8,91.8,22.3
13-08-2020,27.8,25.9,89.1,35.3
14-08-2020,26.7,25.5,92.8,29.5
15-08-2020,27.6,25.9,90.8,22.3
16-08-2020,28,26.1,89.2,128.1
17-08-2020,27.3,25.8,91.7,23
18-08-2020,27.4,25.4,89.4,22.2
19-08-2020,27.9,25.4,86.7,22.3
20-08-2020,27.4,25.9,91.8,22.8
21-08-2020,26.6,25.6,94.1,30.6
22-08-2020,27.4,25.8,91.1,31.7
23-08-2020,28.2,25.8,86.9,22.3
24-08-2020,28.3,25.7,86.4,21.1
25-08-2020,28.4,25.6,84.8,23.6
26-08-2020,28.3,25.2,83.3,23
27-08-2020,28.5,25.1,82,23
28-08-2020,26.4,25,92.5,26
29-08-2020,26.1,25.2,95.2,22.3
30-08-2020,26.3,25.1,93.3,24.1
31-08-2020,27.3,25.2,88.6,25.9
01-09-2020,27.4,25.1,87.2,18.4
02-09-2020,28.5,25.7,85.5,19.8
03-09-2020,29,25.5,82,21.8
04-09-2020,29.7,25.6,79.1,19
05-09-2020,30.1,26.7,82.6,24.7
06-09-2020,30.4,27.5,84.8,17.1
07-09-2020,28.7,25.6,83.4,19.6
08-09-2020,29.7,25.6,79.3,21.1
09-09-2020,30.1,26.8,82.6,20.5
10-09-2020,29.6,26.1,81.5,17.2
11-09-2020,28.9,25.9,84.4,16.6
12-09-2020,28.2,25.4,85.2,27
13-09-2020,28.3,25.3,84.4,22.3
14-09-2020,27.6,25.1,86.8,19.6
15-09-2020,27.7,25.2,86.5,16.9
16-09-2020,27.7,25.7,88.9,15.9
17-09-2020,27.3,25.5,90.2,16.6
18-09-2020,27,25.3,90.4,9.4
19-09-2020,27.4,26.1,92.7,10
20-09-2020,28.9,25.4,82,17.2
21-09-2020,28.1,26.3,90.4,17.3
22-09-2020,26.7,25.8,95,18.4
23-09-2020,26,25.7,98.2,21.7
24-09-2020,27.4,25.8,91.6,16.1
25-09-2020,28,25.6,86.9,16.6
26-09-2020,29,24.2,75.7,19.8
27-09-2020,28.7,24.5,79,16.1
28-09-2020,28.5,24.6,79.9,16.4
29-09-2020,28.8,24.6,78.5,21.1
30-09-2020,28.9,24.5,77.9,22.3
01-10-2020,29,24.3,76.2,19.6
02-10-2020,29.2,25.4,80.5,20.6
03-10-2020,28.8,26,85,20.5
04-10-2020,27.2,24.8,87.2,22.3
05-10-2020,28.5,25.5,83.8,18.4
06-10-2020,29,25.6,82.3,21.8
07-10-2020,30,25.6,77.6,17.1
08-10-2020,29.9,26.4,81.6,14.8
09-10-2020,31.1,24.9,70.9,18.4
10-10-2020,30,26.2,80.9,15.5
11-10-2020,29,26,84.2,12.5
12-10-2020,29.3,26.3,84.3,14.8
13-10-2020,29.5,27,87.1,15.5
14-10-2020,28.5,26.3,88.2,13
15-10-2020,27.4,26.2,93.7,14.8
16-10-2020,29.1,24.8,78.5,14.9
17-10-2020,29.1,23.7,72.7,17
18-10-2020,28.7,24.5,78.7,18.4
19-10-2020,28.9,25.8,83.5,18.4
20-10-2020,29.6,26.8,85.7,18.4
21-10-2020,29.6,26.4,83.7,17.8
22-10-2020,28.9,26.2,85.7,18.4
23-10-2020,29.1,25.3,80.2,16.7
24-10-2020,29.5,26.7,85.5,19.9
25-10-2020,29.6,26.1,81.9,16.1
26-10-2020,29.6,23.9,72.7,16.6
27-10-2020,29.9,20.3,58.2,14.9
28-10-2020,29.6,22.3,65.6,15.5
29-10-2020,29.3,23,69.7,16.6
30-10-2020,29.6,22,65.6,22.3
31-10-2020,29.1,19.4,58.2,16
01-11-2020,28.9,18.8,56,15.3
02-11-2020,29.7,21.5,62.9,15.4
03-11-2020,29.8,21.1,60.8,16.1
04-11-2020,29.8,19.8,57.6,13
05-11-2020,29.5,17.9,51.9,14.2
06-11-2020,29.3,16.2,47.4,18.4
07-11-2020,28.8,17.7,52.9,16.6
08-11-2020,29.8,17.1,48,17.2
09-11-2020,29,16.1,48.2,13.5
10-11-2020,28.1,15.3,48.7,18.7
11-11-2020,27.4,12.2,41.5,17.2
12-11-2020,28,13,40.9,16.6
13-11-2020,28.4,18.7,56.9,18.4
14-11-2020,29.5,20.9,61.3,19.3
15-11-2020,29.7,22.3,65.4,17.1
